<TICKER>;<PER>;<DATE>;<TIME>;<OPEN>;<HIGH>;<LOW>;<CLOSE>
GAZP;60;20180103;110000;131.0300000;131.7500000;130.6300000;131.4000000
GAZP;60;20180103;120000;131.3500000;131.8700000;131.2000000;131.2100000
GAZP;60;20180103;130000;131.2700000;131.6600000;131.0500000;131.4600000
GAZP;60;20180103;140000;131.4500000;131.5800000;131.1900000;131.3200000
GAZP;60;20180103;150000;131.3200000;131.6000000;130.9200000;131.0100000
GAZP;60;20180103;160000;131.0100000;131.1700000;130.6700000;130.9900000
GAZP;60;20180103;170000;131.0000000;131.7500000;130.9600000;131.5500000
GAZP;60;20180103;180000;131.5700000;131.7500000;131.4500000;131.6100000
GAZP;60;20180103;190000;131.6100000;132.2000000;131.5600000;132.2000000
GAZP;60;20180104;110000;132.5000000;133.2400000;132.3000000;132.7500000
GAZP;60;20180104;120000;132.7700000;134.7700000;132.7300000;134.5500000
GAZP;60;20180104;130000;134.5900000;135.4300000;134.2600000;135.2200000
GAZP;60;20180104;140000;135.2400000;135.8000000;134.9500000;135.3300000
GAZP;60;20180104;150000;135.3300000;135.4900000;135.0300000;135.4200000
GAZP;60;20180104;160000;135.4200000;135.8900000;135.3800000;135.8800000
GAZP;60;20180104;170000;135.8800000;136.0000000;135.1500000;135.5100000
GAZP;60;20180104;180000;135.5800000;136.2000000;135.5500000;135.9600000
GAZP;60;20180104;190000;135.9700000;136.0600000;135.3900000;135.8900000
GAZP;60;20180105;110000;135.8000000;136.1800000;135.0800000;135.1100000
GAZP;60;20180105;120000;135.1600000;136.8400000;135.1600000;136.5700000
GAZP;60;20180105;130000;136.6000000;136.9400000;135.8700000;136.1800000
GAZP;60;20180105;140000;136.2000000;136.4100000;136.0500000;136.2500000
GAZP;60;20180105;150000;136.2900000;136.8400000;136.1700000;136.6900000
GAZP;60;20180105;160000;136.7000000;136.8300000;136.5100000;136.5400000
GAZP;60;20180105;170000;136.6100000;136.7700000;136.3300000;136.6500000
GAZP;60;20180105;180000;136.7100000;136.9900000;136.5500000;136.8100000
GAZP;60;20180105;190000;136.8400000;137.1200000;136.4800000;137.1200000
GAZP;60;20180109;110000;138.0000000;138.4900000;137.6000000;138.2700000
GAZP;60;20180109;120000;138.2800000;141.0600000;138.2700000;140.7800000
GAZP;60;20180109;130000;140.7700000;141.3500000;140.3400000;140.8200000
GAZP;60;20180109;140000;140.8300000;141.1000000;140.4600000;140.6800000
GAZP;60;20180109;150000;140.7000000;140.8500000;140.4700000;140.4900000
GAZP;60;20180109;160000;140.5000000;140.8400000;139.5000000;139.6000000
GAZP;60;20180109;170000;139.6000000;140.0000000;139.3100000;139.8000000
GAZP;60;20180109;180000;139.8000000;140.7400000;139.4700000;139.7900000
GAZP;60;20180109;190000;139.7900000;140.1700000;139.2400000;140.0000000
GAZP;60;20180110;110000;140.4900000;141.2500000;140.1000000;140.4600000
GAZP;60;20180110;120000;140.4500000;141.0600000;139.5800000;140.9000000
GAZP;60;20180110;130000;140.9000000;141.9500000;140.8000000;141.9400000
GAZP;60;20180110;140000;141.9300000;142.2500000;141.3700000;141.8600000
GAZP;60;20180110;150000;141.8600000;142.0000000;141.3900000;141.9400000
GAZP;60;20180110;160000;141.9200000;142.0800000;141.6400000;141.9500000
GAZP;60;20180110;170000;141.9200000;142.5600000;141.8300000;142.4800000
GAZP;60;20180110;180000;142.4800000;143.0700000;142.4000000;142.9100000
GAZP;60;20180110;190000;142.9100000;143.4300000;142.9100000;143.4300000
GAZP;60;20180111;110000;143.2300000;143.7500000;142.3100000;142.5500000
GAZP;60;20180111;120000;142.5900000;144.6000000;142.5100000;144.3000000
GAZP;60;20180111;130000;144.3000000;144.8000000;143.6100000;143.8600000
GAZP;60;20180111;140000;143.8300000;144.1900000;143.5000000;144.0000000
GAZP;60;20180111;150000;144.0000000;144.1500000;143.5600000;144.1200000
GAZP;60;20180111;160000;144.1200000;144.6000000;143.7100000;144.2100000
GAZP;60;20180111;170000;144.2600000;144.7000000;144.0700000;144.4600000
GAZP;60;20180111;180000;144.4600000;144.5000000;143.7600000;144.1200000
GAZP;60;20180111;190000;144.1200000;144.6400000;144.1200000;144.5800000
GAZP;60;20180112;110000;144.2100000;144.2500000;143.1400000;143.8800000
GAZP;60;20180112;120000;143.8800000;144.1700000;143.5600000;143.9700000
GAZP;60;20180112;130000;144.0000000;144.5400000;143.8100000;144.0000000
GAZP;60;20180112;140000;143.9600000;144.2600000;143.5500000;143.8700000
GAZP;60;20180112;150000;143.8100000;143.8800000;141.6400000;142.2500000
GAZP;60;20180112;160000;142.2400000;142.6400000;142.0600000;142.3800000
GAZP;60;20180112;170000;142.3900000;142.9500000;142.3000000;142.9500000
GAZP;60;20180112;180000;142.9200000;143.4000000;142.8300000;143.4000000
GAZP;60;20180112;190000;143.4000000;143.9900000;143.1500000;143.9900000
GAZP;60;20180115;110000;144.3300000;145.5000000;144.3300000;144.9700000
GAZP;60;20180115;120000;145.0100000;145.2300000;144.7600000;144.9500000
GAZP;60;20180115;130000;144.9500000;145.1200000;144.1300000;144.3800000
GAZP;60;20180115;140000;144.3200000;144.3900000;143.7000000;144.1600000
GAZP;60;20180115;150000;144.2100000;144.5500000;144.0500000;144.5300000
GAZP;60;20180115;160000;144.5200000;144.5500000;142.8800000;142.9000000
GAZP;60;20180115;170000;142.9100000;143.9000000;142.9000000;143.2000000
GAZP;60;20180115;180000;143.2000000;143.4300000;142.6500000;142.6500000
GAZP;60;20180115;190000;142.6500000;143.1000000;142.6000000;142.9900000
GAZP;60;20180116;110000;143.1600000;143.2900000;142.7100000;143.1400000
GAZP;60;20180116;120000;143.1800000;143.3800000;142.7000000;142.8200000
GAZP;60;20180116;130000;142.7900000;142.9400000;141.8900000;142.7000000
GAZP;60;20180116;140000;142.7000000;142.7000000;141.9700000;142.1700000
GAZP;60;20180116;150000;142.1500000;142.9900000;141.9700000;142.9700000
GAZP;60;20180116;160000;142.9500000;143.3300000;142.4300000;143.2200000
GAZP;60;20180116;170000;143.2000000;145.2600000;142.9800000;144.6300000
GAZP;60;20180116;180000;144.6100000;144.9200000;144.3000000;144.8800000
GAZP;60;20180116;190000;144.9200000;145.3500000;144.6700000;145.2900000
GAZP;60;20180117;110000;144.5100000;144.5100000;143.3100000;144.4200000
GAZP;60;20180117;120000;144.4100000;144.5000000;143.9400000;144.3800000
GAZP;60;20180117;130000;144.3800000;147.0900000;144.3700000;146.6300000
GAZP;60;20180117;140000;146.6300000;146.8300000;146.2800000;146.4700000
GAZP;60;20180117;150000;146.4900000;147.5000000;146.2700000;147.2200000
GAZP;60;20180117;160000;147.2500000;147.9800000;147.1700000;147.3500000
GAZP;60;20180117;170000;147.3100000;148.7600000;147.1100000;148.5300000
GAZP;60;20180117;180000;148.5300000;149.2000000;148.2600000;148.2900000
GAZP;60;20180117;190000;148.2700000;148.7300000;148.2300000;148.7000000
GAZP;60;20180118;110000;148.7900000;149.7800000;148.1300000;148.5200000
GAZP;60;20180118;120000;148.5100000;149.1900000;148.2700000;149.0000000
GAZP;60;20180118;130000;148.9900000;149.4600000;148.5900000;149.2100000
GAZP;60;20180118;140000;149.2100000;149.2500000;148.9100000;149.1500000
GAZP;60;20180118;150000;149.1000000;149.2900000;148.8000000;148.8800000
GAZP;60;20180118;160000;148.8800000;149.0500000;148.8000000;149.0500000
GAZP;60;20180118;170000;149.0500000;150.1700000;148.9000000;150.0600000
GAZP;60;20180118;180000;150.0600000;150.3000000;149.5500000;150.1800000
GAZP;60;20180118;190000;150.1800000;150.3500000;149.6500000;150.3500000
GAZP;60;20180119;110000;149.9400000;151.0000000;149.5600000;149.7000000
GAZP;60;20180119;120000;149.7500000;149.9700000;148.7000000;149.6600000
GAZP;60;20180119;130000;149.6200000;150.0000000;149.2500000;149.4500000
GAZP;60;20180119;140000;149.4300000;149.5600000;148.6000000;149.3100000
GAZP;60;20180119;150000;149.3100000;149.7700000;149.0000000;149.1200000
GAZP;60;20180119;160000;149.1200000;149.2000000;148.6000000;148.7400000
GAZP;60;20180119;170000;148.7100000;149.1200000;148.4000000;148.7000000
GAZP;60;20180119;180000;148.7500000;150.1700000;148.4100000;149.8900000
GAZP;60;20180119;190000;149.8900000;150.0000000;149.1300000;149.1300000
GAZP;60;20180122;110000;149.0900000;149.7900000;148.8500000;149.7000000
GAZP;60;20180122;120000;149.7300000;150.2200000;149.3700000;149.7800000
GAZP;60;20180122;130000;149.8000000;150.1500000;149.6900000;149.9700000
GAZP;60;20180122;140000;149.9900000;150.2000000;149.8100000;149.9900000
GAZP;60;20180122;150000;149.9900000;150.2000000;149.8100000;149.9100000
GAZP;60;20180122;160000;149.9000000;150.2000000;149.8100000;150.0400000
GAZP;60;20180122;170000;150.0600000;150.0600000;149.2100000;149.7000000
GAZP;60;20180122;180000;149.7200000;149.9900000;149.4200000;149.9300000
GAZP;60;20180122;190000;149.9400000;150.3000000;149.6900000;150.3000000
GAZP;60;20180123;110000;150.8000000;151.6500000;150.4700000;150.5300000
GAZP;60;20180123;120000;150.5300000;150.6500000;149.6100000;149.7000000
GAZP;60;20180123;130000;149.7400000;150.0000000;149.2800000;149.6600000
GAZP;60;20180123;140000;149.6400000;149.6500000;148.5300000;148.5900000
GAZP;60;20180123;150000;148.6400000;148.7000000;147.8300000;148.1300000
GAZP;60;20180123;160000;148.1700000;148.4900000;147.7100000;147.9500000
GAZP;60;20180123;170000;147.9500000;148.8500000;147.9500000;148.1800000
GAZP;60;20180123;180000;148.1600000;148.3700000;147.9600000;148.0400000
GAZP;60;20180123;190000;148.0700000;148.8000000;147.8500000;148.8000000
GAZP;60;20180124;110000;148.5100000;148.7600000;146.6000000;146.9600000
GAZP;60;20180124;120000;146.9400000;148.4500000;146.8100000;148.2600000
GAZP;60;20180124;130000;148.2400000;149.0800000;148.0500000;148.9500000
GAZP;60;20180124;140000;148.9500000;149.0000000;148.3800000;148.5900000
GAZP;60;20180124;150000;148.5800000;148.8500000;148.1100000;148.3600000
GAZP;60;20180124;160000;148.3600000;148.8700000;148.1000000;148.6500000
GAZP;60;20180124;170000;148.6800000;148.9300000;148.3600000;148.8100000
GAZP;60;20180124;180000;148.8100000;149.5500000;148.6000000;149.3100000
GAZP;60;20180124;190000;149.3100000;149.7000000;149.1000000;149.7000000
GAZP;60;20180125;110000;150.0200000;151.3900000;149.5400000;149.9900000
GAZP;60;20180125;120000;149.9900000;150.2000000;149.6300000;149.8500000
GAZP;60;20180125;130000;149.8300000;151.0000000;149.8300000;150.8800000
GAZP;60;20180125;140000;150.8800000;150.9000000;150.2300000;150.5100000
GAZP;60;20180125;150000;150.5300000;150.7800000;150.1400000;150.5400000
GAZP;60;20180125;160000;150.5400000;150.9900000;150.3900000;150.8900000
GAZP;60;20180125;170000;150.9000000;150.9000000;149.8000000;150.3900000
GAZP;60;20180125;180000;150.3800000;150.4500000;149.2700000;149.6300000
GAZP;60;20180125;190000;149.6100000;149.9100000;149.2700000;149.8000000
GAZP;60;20180126;110000;149.4000000;149.5500000;148.0500000;148.7000000
GAZP;60;20180126;120000;148.6800000;149.0000000;148.4500000;148.6800000
GAZP;60;20180126;130000;148.6500000;148.7500000;147.7600000;147.8300000
GAZP;60;20180126;140000;147.8100000;147.9500000;147.5100000;147.8200000
GAZP;60;20180126;150000;147.8800000;148.0200000;146.1500000;146.5000000
GAZP;60;20180126;160000;146.5000000;147.5000000;146.3000000;147.0000000
GAZP;60;20180126;170000;147.0400000;147.2400000;146.2000000;146.2700000
GAZP;60;20180126;180000;146.2700000;146.8500000;146.0100000;146.2900000
GAZP;60;20180126;190000;146.2900000;147.1900000;146.0600000;147.1900000
GAZP;60;20180129;110000;146.7700000;147.2400000;145.7000000;146.1700000
GAZP;60;20180129;120000;146.2100000;146.8800000;146.0100000;146.7300000
GAZP;60;20180129;130000;146.7800000;147.2400000;146.0500000;146.4700000
GAZP;60;20180129;140000;146.4200000;147.2900000;146.4200000;146.9000000
GAZP;60;20180129;150000;146.9100000;147.0300000;145.8100000;145.8900000
GAZP;60;20180129;160000;145.8900000;146.0100000;145.3000000;145.4200000
GAZP;60;20180129;170000;145.3900000;145.5000000;145.0900000;145.3100000
GAZP;60;20180129;180000;145.3200000;145.3400000;144.7000000;144.8000000
GAZP;60;20180129;190000;144.8500000;145.1100000;144.1500000;144.7500000
GAZP;60;20180130;110000;144.0000000;144.1500000;142.5000000;142.8200000
GAZP;60;20180130;120000;142.8300000;144.5500000;142.3700000;143.8000000
GAZP;60;20180130;130000;143.8200000;146.4300000;143.7600000;145.4700000
GAZP;60;20180130;140000;145.3900000;145.7700000;145.0000000;145.4400000
GAZP;60;20180130;150000;145.4900000;146.3600000;145.1200000;145.3000000
GAZP;60;20180130;160000;145.2500000;145.4000000;143.8700000;144.9000000
GAZP;60;20180130;170000;144.9400000;145.7400000;144.1000000;144.1700000
GAZP;60;20180130;180000;144.1700000;144.5500000;143.4600000;143.8200000
GAZP;60;20180130;190000;143.8200000;143.9900000;143.0000000;143.5000000
GAZP;60;20180131;110000;142.9800000;143.7700000;142.0900000;142.7600000
GAZP;60;20180131;120000;142.7200000;142.9500000;141.8000000;142.1700000
GAZP;60;20180131;130000;142.1100000;143.4200000;142.0500000;143.3600000
GAZP;60;20180131;140000;143.3800000;143.6900000;142.2300000;142.3500000
GAZP;60;20180131;150000;142.3700000;142.9200000;142.1900000;142.4900000
GAZP;60;20180131;160000;142.5200000;143.2000000;142.4900000;142.9500000
GAZP;60;20180131;170000;142.9400000;144.5000000;142.6800000;144.4600000
GAZP;60;20180131;180000;144.4600000;144.5000000;143.4100000;143.6900000
GAZP;60;20180131;190000;143.7000000;143.8100000;142.4900000;143.3600000
GAZP;60;20180201;110000;143.4300000;144.0500000;143.1300000;143.4900000
GAZP;60;20180201;120000;143.5000000;145.5000000;143.3000000;145.3700000
GAZP;60;20180201;130000;145.3900000;146.1700000;145.0200000;145.1000000
GAZP;60;20180201;140000;145.1100000;145.9700000;144.9000000;145.2800000
GAZP;60;20180201;150000;145.3200000;145.9100000;144.9500000;145.1500000
GAZP;60;20180201;160000;145.1100000;145.1300000;144.0300000;144.3500000
GAZP;60;20180201;170000;144.3900000;144.6700000;143.2000000;143.9800000
GAZP;60;20180201;180000;143.9800000;145.3000000;143.9400000;144.9900000
GAZP;60;20180201;190000;145.0000000;145.3900000;144.6800000;145.3900000
GAZP;60;20180202;110000;145.6800000;146.6300000;144.6700000;145.9900000
GAZP;60;20180202;120000;146.0000000;146.7800000;145.3700000;146.3800000
GAZP;60;20180202;130000;146.4100000;146.5400000;144.5200000;144.8400000
GAZP;60;20180202;140000;144.8600000;145.0900000;144.5500000;144.6400000
GAZP;60;20180202;150000;144.6500000;144.9700000;143.5600000;144.3900000
GAZP;60;20180202;160000;144.3900000;144.7200000;143.9700000;144.0100000
GAZP;60;20180202;170000;144.0300000;144.8000000;144.0000000;144.5500000
GAZP;60;20180202;180000;144.5500000;145.2000000;144.1000000;144.1300000
GAZP;60;20180202;190000;144.1100000;144.1700000;142.8800000;144.0000000
GAZP;60;20180205;110000;142.8700000;143.8200000;142.3000000;143.7700000
GAZP;60;20180205;120000;143.7100000;143.7400000;143.0200000;143.4200000
GAZP;60;20180205;130000;143.4500000;145.2000000;143.4000000;145.0500000
GAZP;60;20180205;140000;145.0500000;145.2000000;144.1300000;144.3700000
GAZP;60;20180205;150000;144.3700000;144.6200000;144.0000000;144.4000000
GAZP;60;20180205;160000;144.4000000;144.4400000;143.4700000;144.0500000
GAZP;60;20180205;170000;144.0400000;145.0000000;143.6000000;144.8800000
GAZP;60;20180205;180000;144.8800000;144.9000000;144.0900000;144.2900000
GAZP;60;20180205;190000;144.2900000;144.8700000;144.2300000;144.5300000
GAZP;60;20180206;110000;141.7300000;142.3000000;140.4000000;141.9300000
GAZP;60;20180206;120000;141.9100000;142.4000000;141.2000000;142.0100000
GAZP;60;20180206;130000;142.0100000;142.8200000;141.8300000;142.4500000
GAZP;60;20180206;140000;142.4400000;142.4700000;141.9000000;142.0200000
GAZP;60;20180206;150000;142.1000000;142.1400000;141.3700000;141.5600000
GAZP;60;20180206;160000;141.5200000;142.4500000;141.3700000;142.3300000
GAZP;60;20180206;170000;142.3800000;142.4000000;141.8000000;141.9600000
GAZP;60;20180206;180000;141.9500000;142.6000000;141.2200000;142.0500000
GAZP;60;20180206;190000;142.0500000;142.6000000;141.5900000;141.5900000
GAZP;60;20180207;110000;142.4500000;143.3900000;142.4300000;142.8900000
GAZP;60;20180207;120000;142.9300000;142.9600000;141.8900000;142.2000000
GAZP;60;20180207;130000;142.1400000;142.8300000;141.7000000;142.1800000
GAZP;60;20180207;140000;142.1700000;142.8800000;142.1300000;142.6800000
GAZP;60;20180207;150000;142.6500000;142.8400000;142.2700000;142.4500000
GAZP;60;20180207;160000;142.4500000;142.5900000;141.8600000;142.0200000
GAZP;60;20180207;170000;142.0200000;142.3500000;141.8100000;142.0100000
GAZP;60;20180207;180000;142.0100000;142.2200000;141.6100000;141.9200000
GAZP;60;20180207;190000;141.9500000;141.9500000;141.0000000;141.0000000
GAZP;60;20180208;110000;140.4700000;140.5000000;138.8000000;139.5500000
GAZP;60;20180208;120000;139.5400000;140.5000000;139.2000000;139.6100000
GAZP;60;20180208;130000;139.6100000;140.8500000;139.4000000;140.5100000
GAZP;60;20180208;140000;140.5200000;140.6600000;139.8900000;140.2200000
GAZP;60;20180208;150000;140.2200000;140.2300000;139.1000000;139.3200000
GAZP;60;20180208;160000;139.2600000;139.4500000;138.8400000;139.0800000
GAZP;60;20180208;170000;139.0800000;139.4200000;138.2800000;139.1700000
GAZP;60;20180208;180000;139.1200000;139.1300000;137.8300000;137.9800000
GAZP;60;20180208;190000;137.9000000;138.3900000;137.1400000;137.2000000
GAZP;60;20180209;110000;135.9900000;136.5000000;135.4100000;136.2600000
GAZP;60;20180209;120000;136.3000000;136.4000000;134.6000000;135.4100000
GAZP;60;20180209;130000;135.4100000;135.5400000;134.5500000;134.7700000
GAZP;60;20180209;140000;134.7800000;134.9500000;134.1000000;134.4300000
GAZP;60;20180209;150000;134.4300000;134.5700000;132.8000000;133.0100000
GAZP;60;20180209;160000;133.0900000;133.6800000;133.0000000;133.2300000
GAZP;60;20180209;170000;133.1700000;134.7900000;133.0600000;134.6400000
GAZP;60;20180209;180000;134.7100000;136.4500000;134.7100000;136.4000000
GAZP;60;20180209;190000;136.4000000;136.7000000;135.5000000;135.5600000
GAZP;60;20180212;110000;136.8700000;137.4700000;136.3100000;136.6800000
GAZP;60;20180212;120000;136.6800000;137.1000000;136.0300000;136.5900000
GAZP;60;20180212;130000;136.5900000;137.6000000;136.1300000;137.1100000
GAZP;60;20180212;140000;137.0900000;137.2200000;136.5100000;136.8200000
GAZP;60;20180212;150000;136.8200000;137.1500000;136.3700000;137.1000000
GAZP;60;20180212;160000;137.1000000;137.8400000;136.8400000;137.6800000
GAZP;60;20180212;170000;137.6800000;138.1000000;137.4700000;137.7000000
GAZP;60;20180212;180000;137.7000000;137.9300000;137.1800000;137.7100000
GAZP;60;20180212;190000;137.6800000;138.1000000;137.3000000;137.3000000
GAZP;60;20180213;110000;138.0000000;138.8300000;137.4500000;137.5500000
GAZP;60;20180213;120000;137.4800000;139.7300000;137.4700000;139.1900000
GAZP;60;20180213;130000;139.1900000;139.5600000;138.6100000;139.1800000
GAZP;60;20180213;140000;139.1900000;139.3900000;138.7900000;139.3200000
GAZP;60;20180213;150000;139.2900000;139.4000000;138.7500000;138.8600000
GAZP;60;20180213;160000;138.9100000;139.9400000;138.7600000;139.3200000
GAZP;60;20180213;170000;139.3300000;139.7100000;139.0800000;139.2700000
GAZP;60;20180213;180000;139.3100000;139.8400000;139.0400000;139.8400000
GAZP;60;20180213;190000;139.8000000;140.1000000;139.1700000;139.8500000
GAZP;60;20180214;110000;140.0300000;140.5700000;139.9000000;140.4700000
GAZP;60;20180214;120000;140.3800000;140.4900000;139.3000000;139.6700000
GAZP;60;20180214;130000;139.6100000;139.6300000;138.5600000;138.8500000
GAZP;60;20180214;140000;138.8500000;139.2900000;138.7700000;138.7900000
GAZP;60;20180214;150000;138.7900000;138.9100000;138.0700000;138.5300000
GAZP;60;20180214;160000;138.5300000;139.3800000;138.2600000;139.0700000
GAZP;60;20180214;170000;139.0800000;139.1500000;137.3200000;137.6500000
GAZP;60;20180214;180000;137.6500000;137.9600000;137.0200000;137.8500000
GAZP;60;20180214;190000;137.8500000;138.8900000;137.6300000;138.8900000
GAZP;60;20180215;110000;139.7900000;140.9900000;139.5100000;139.9000000
GAZP;60;20180215;120000;139.9400000;140.1300000;138.5000000;139.0000000
GAZP;60;20180215;130000;139.0000000;139.2300000;138.2100000;138.4100000
GAZP;60;20180215;140000;138.4500000;138.8400000;138.1100000;138.6300000
GAZP;60;20180215;150000;138.5400000;139.2600000;138.3800000;138.9300000
GAZP;60;20180215;160000;138.9800000;139.0800000;138.3000000;138.5800000
GAZP;60;20180215;170000;138.5700000;138.7900000;137.5500000;137.9900000
GAZP;60;20180215;180000;137.9700000;138.2800000;137.3300000;138.0600000
GAZP;60;20180215;190000;138.0400000;138.1700000;137.0600000;137.0600000
GAZP;60;20180216;110000;137.8500000;138.1900000;136.7700000;137.2000000
GAZP;60;20180216;120000;137.1900000;138.6500000;137.0700000;137.9200000
GAZP;60;20180216;130000;137.9600000;139.0000000;137.7800000;138.7400000
GAZP;60;20180216;140000;138.7600000;139.4900000;138.7100000;138.9000000
GAZP;60;20180216;150000;138.9000000;139.3400000;138.6500000;138.8300000
GAZP;60;20180216;160000;138.8100000;138.9600000;138.2100000;138.5700000
GAZP;60;20180216;170000;138.6300000;138.6300000;137.0000000;137.4600000
GAZP;60;20180216;180000;137.4500000;137.8900000;137.0000000;137.5000000
GAZP;60;20180216;190000;137.5500000;137.8800000;136.9000000;137.0600000
GAZP;60;20180219;110000;137.3600000;138.2000000;137.1300000;138.0600000
GAZP;60;20180219;120000;138.0600000;138.0900000;137.6300000;137.9300000
GAZP;60;20180219;130000;137.9300000;137.9300000;137.4700000;137.8000000
GAZP;60;20180219;140000;137.8000000;138.1400000;137.7000000;138.0300000
GAZP;60;20180219;150000;138.0300000;138.4800000;138.0200000;138.3400000
GAZP;60;20180219;160000;138.3400000;138.7000000;138.1800000;138.3500000
GAZP;60;20180219;170000;138.3700000;138.5900000;138.1000000;138.4400000
GAZP;60;20180219;180000;138.4400000;138.6000000;138.0000000;138.3600000
GAZP;60;20180219;190000;138.3600000;138.5000000;137.9600000;138.3100000
GAZP;60;20180220;110000;138.7800000;144.2900000;138.7800000;143.2500000
GAZP;60;20180220;120000;143.2500000;143.5500000;142.0000000;142.1800000
GAZP;60;20180220;130000;142.2100000;142.5900000;141.8100000;141.8200000
GAZP;60;20180220;140000;141.8300000;142.0600000;141.2600000;141.4600000
GAZP;60;20180220;150000;141.4800000;142.2000000;140.3200000;141.8200000
GAZP;60;20180220;160000;141.7800000;141.9000000;141.2500000;141.7200000
GAZP;60;20180220;170000;141.7200000;142.0800000;141.5100000;142.0400000
GAZP;60;20180220;180000;142.0100000;142.2400000;141.6000000;141.8000000
GAZP;60;20180220;190000;141.8000000;141.8600000;140.7200000;141.3200000
GAZP;60;20180221;110000;140.9000000;141.7100000;140.5300000;140.7400000
GAZP;60;20180221;120000;140.7500000;142.0600000;140.7500000;141.1600000
GAZP;60;20180221;130000;141.1800000;141.8200000;141.0800000;141.4900000
GAZP;60;20180221;140000;141.5000000;142.8000000;141.4900000;142.7100000
GAZP;60;20180221;150000;142.7400000;142.8800000;142.2800000;142.6500000
GAZP;60;20180221;160000;142.6500000;142.9100000;141.6700000;142.1000000
GAZP;60;20180221;170000;142.1500000;143.2400000;141.9400000;142.7500000
GAZP;60;20180221;180000;142.6800000;143.3800000;142.3100000;142.9900000
GAZP;60;20180221;190000;142.9800000;144.0000000;142.6300000;144.0000000
GAZP;60;20180222;110000;143.4300000;143.8400000;142.8000000;143.4400000
GAZP;60;20180222;120000;143.4400000;145.0800000;143.4300000;144.5000000
GAZP;60;20180222;130000;144.5500000;144.6900000;143.7200000;143.8600000
GAZP;60;20180222;140000;143.9100000;144.2400000;143.1900000;143.6000000
GAZP;60;20180222;150000;143.6200000;143.6500000;142.6300000;143.1100000
GAZP;60;20180222;160000;143.1000000;144.4700000;143.0500000;144.0800000
GAZP;60;20180222;170000;144.0300000;144.8000000;143.8200000;144.5700000
GAZP;60;20180222;180000;144.5400000;145.2300000;144.2200000;145.0900000
GAZP;60;20180222;190000;145.0900000;145.9700000;144.8700000;145.9700000
GAZP;60;20180226;110000;148.0700000;149.9800000;147.3200000;148.7000000
GAZP;60;20180226;120000;148.7300000;148.8500000;147.7000000;148.0500000
GAZP;60;20180226;130000;148.1000000;148.1200000;146.7500000;146.7800000
GAZP;60;20180226;140000;146.8100000;147.6800000;146.6000000;147.2300000
GAZP;60;20180226;150000;147.2800000;147.3600000;146.7000000;146.9000000
GAZP;60;20180226;160000;146.9000000;147.4700000;146.8200000;147.1700000
GAZP;60;20180226;170000;147.1900000;147.3600000;146.7500000;147.0600000
GAZP;60;20180226;180000;147.0100000;147.0300000;146.6300000;146.8000000
GAZP;60;20180226;190000;146.8000000;147.0000000;146.4200000;147.0000000
GAZP;60;20180227;110000;147.2000000;147.4900000;145.5500000;145.6800000
GAZP;60;20180227;120000;145.6400000;146.0500000;144.8500000;145.2600000
GAZP;60;20180227;130000;145.3000000;146.3400000;145.0100000;145.7400000
GAZP;60;20180227;140000;145.7900000;147.1800000;145.7900000;146.9400000
GAZP;60;20180227;150000;146.9800000;147.1700000;146.5000000;146.9600000
GAZP;60;20180227;160000;146.9500000;147.1000000;146.7200000;146.9600000
GAZP;60;20180227;170000;146.9200000;147.1300000;146.6900000;146.8000000
GAZP;60;20180227;180000;146.8000000;146.9900000;145.9200000;146.3200000
GAZP;60;20180227;190000;146.3100000;146.7600000;146.1700000;146.5000000
GAZP;60;20180228;110000;145.5000000;145.7500000;144.8700000;145.0700000
GAZP;60;20180228;120000;145.0800000;145.1000000;143.3600000;143.8000000
GAZP;60;20180228;130000;143.8300000;143.8700000;143.0000000;143.1800000
GAZP;60;20180228;140000;143.1400000;143.6200000;142.8400000;143.3100000
GAZP;60;20180228;150000;143.3500000;143.6000000;142.9200000;143.6000000
GAZP;60;20180228;160000;143.6000000;143.6000000;143.1800000;143.5200000
GAZP;60;20180228;170000;143.5100000;143.6000000;142.9300000;143.0000000
GAZP;60;20180228;180000;143.0000000;143.8600000;142.5500000;143.8500000
GAZP;60;20180228;190000;143.8500000;143.9100000;142.2500000;143.1600000
GAZP;60;20180301;110000;141.0000000;142.0000000;139.3900000;141.9800000
GAZP;60;20180301;120000;141.9100000;141.9500000;139.8000000;140.3400000
GAZP;60;20180301;130000;140.3600000;140.6900000;139.3900000;139.8800000
GAZP;60;20180301;140000;139.8800000;140.3900000;139.3900000;139.9500000
GAZP;60;20180301;150000;139.9400000;139.9600000;139.3900000;139.4500000
GAZP;60;20180301;160000;139.4400000;140.6000000;139.4400000;140.2000000
GAZP;60;20180301;170000;140.2100000;140.8700000;140.1100000;140.7800000
GAZP;60;20180301;180000;140.8300000;140.8300000;139.5000000;139.9000000
GAZP;60;20180301;190000;139.8900000;140.4700000;139.7700000;140.1000000
GAZP;60;20180302;110000;139.6300000;139.9800000;139.3900000;139.6500000
GAZP;60;20180302;120000;139.6500000;140.5000000;139.6500000;140.3500000
GAZP;60;20180302;130000;140.3500000;140.5900000;139.3900000;139.5400000
GAZP;60;20180302;140000;139.5100000;139.9000000;137.9000000;138.0600000
GAZP;60;20180302;150000;138.1100000;139.1600000;137.7700000;138.6500000
GAZP;60;20180302;160000;138.6500000;139.3400000;138.5200000;139.0200000
GAZP;60;20180302;170000;139.0800000;139.6000000;138.9200000;139.2800000
GAZP;60;20180302;180000;139.2800000;139.4500000;138.0200000;138.3000000
GAZP;60;20180302;190000;138.3000000;138.9000000;138.1400000;138.5700000
GAZP;60;20180305;110000;138.8000000;140.0200000;138.5700000;139.6000000
GAZP;60;20180305;120000;139.5800000;140.9000000;139.4200000;140.6800000
GAZP;60;20180305;130000;140.7000000;141.3000000;140.3200000;141.0800000
GAZP;60;20180305;140000;141.0500000;141.2400000;140.8900000;141.0300000
GAZP;60;20180305;150000;141.0100000;141.8300000;140.9500000;141.5000000
GAZP;60;20180305;160000;141.5000000;141.5000000;140.9000000;140.9700000
GAZP;60;20180305;170000;140.9700000;141.4400000;140.8100000;141.2000000
GAZP;60;20180305;180000;141.2000000;141.6000000;141.0700000;141.3500000
GAZP;60;20180305;190000;141.4100000;141.6600000;141.0100000;141.6000000
GAZP;60;20180306;110000;142.2500000;143.4900000;142.2000000;142.8600000
GAZP;60;20180306;120000;142.8300000;142.9500000;142.1300000;142.3200000
GAZP;60;20180306;130000;142.3200000;143.1000000;142.2000000;142.5900000
GAZP;60;20180306;140000;142.5300000;142.7400000;142.2300000;142.5000000
GAZP;60;20180306;150000;142.5300000;142.9800000;142.2200000;142.2900000
GAZP;60;20180306;160000;142.3100000;142.8200000;142.2200000;142.6700000
GAZP;60;20180306;170000;142.6400000;142.7700000;142.1300000;142.1700000
GAZP;60;20180306;180000;142.1800000;142.2900000;141.2400000;141.3400000
GAZP;60;20180306;190000;141.3400000;141.3700000;140.4700000;140.5900000
GAZP;60;20180307;110000;139.9600000;139.9800000;138.5000000;138.9300000
GAZP;60;20180307;120000;138.9100000;139.2200000;138.1800000;138.1800000
GAZP;60;20180307;130000;138.2400000;138.5500000;138.1800000;138.2500000
GAZP;60;20180307;140000;138.2500000;138.7100000;138.0100000;138.1400000
GAZP;60;20180307;150000;138.1100000;138.1900000;137.4000000;137.5200000
GAZP;60;20180307;160000;137.5200000;138.2000000;137.3800000;137.8800000
GAZP;60;20180307;170000;137.8800000;138.1100000;137.5000000;138.0200000
GAZP;60;20180307;180000;138.0200000;138.5500000;137.8300000;138.0500000
GAZP;60;20180307;190000;138.0500000;138.5700000;137.8700000;138.5600000
GAZP;60;20180309;110000;138.8000000;139.2700000;137.7900000;137.8500000
GAZP;60;20180309;120000;137.9300000;138.7700000;137.8500000;138.7700000
GAZP;60;20180309;130000;138.7500000;139.2000000;138.6700000;138.8000000
GAZP;60;20180309;140000;138.7900000;139.3700000;138.5800000;139.2600000
GAZP;60;20180309;150000;139.2800000;139.2800000;138.9100000;139.0800000
GAZP;60;20180309;160000;139.0800000;139.2000000;138.9700000;139.1300000
GAZP;60;20180309;170000;139.1400000;139.5500000;139.0000000;139.3700000
GAZP;60;20180309;180000;139.3800000;139.6000000;138.9000000;139.3700000
GAZP;60;20180309;190000;139.3700000;139.8100000;139.1300000;139.8100000
GAZP;60;20180312;110000;140.4400000;141.3000000;140.1100000;141.2200000
GAZP;60;20180312;120000;141.2500000;141.4500000;140.6100000;140.9200000
GAZP;60;20180312;130000;140.8900000;141.7500000;140.8600000;141.6700000
GAZP;60;20180312;140000;141.6900000;141.9600000;141.4600000;141.7600000
GAZP;60;20180312;150000;141.7900000;141.8500000;141.4100000;141.6000000
GAZP;60;20180312;160000;141.6000000;141.6900000;141.3300000;141.3300000
GAZP;60;20180312;170000;141.3200000;141.5200000;141.0100000;141.1900000
GAZP;60;20180312;180000;141.2000000;141.7400000;141.0600000;141.7400000
GAZP;60;20180312;190000;141.7100000;141.8000000;140.5500000;141.3500000
GAZP;60;20180313;110000;141.1000000;141.1900000;139.9500000;140.2300000
GAZP;60;20180313;120000;140.2500000;140.9900000;140.1500000;140.7800000
GAZP;60;20180313;130000;140.7500000;141.9000000;140.6400000;141.6400000
GAZP;60;20180313;140000;141.6400000;142.9300000;141.6300000;142.7800000
GAZP;60;20180313;150000;142.7800000;142.9000000;142.4500000;142.6200000
GAZP;60;20180313;160000;142.6200000;142.7000000;141.5400000;142.0500000
GAZP;60;20180313;170000;142.0600000;142.6900000;141.7400000;142.4800000
GAZP;60;20180313;180000;142.4900000;142.7400000;142.0900000;142.3500000
GAZP;60;20180313;190000;142.3500000;142.7500000;141.9000000;142.7500000
GAZP;60;20180314;110000;141.8200000;141.8200000;141.1700000;141.7100000
GAZP;60;20180314;120000;141.7200000;141.9800000;141.2000000;141.3300000
GAZP;60;20180314;130000;141.3500000;141.4800000;139.7300000;140.2800000
GAZP;60;20180314;140000;140.3100000;140.8100000;140.0500000;140.1000000
GAZP;60;20180314;150000;140.0800000;140.1300000;139.1500000;139.7300000
GAZP;60;20180314;160000;139.6800000;140.4300000;139.4400000;139.6200000
GAZP;60;20180314;170000;139.6800000;140.2400000;139.5100000;139.8300000
GAZP;60;20180314;180000;139.8300000;140.4100000;139.6300000;139.7800000
GAZP;60;20180314;190000;139.7800000;139.8000000;138.8000000;138.8000000
GAZP;60;20180315;110000;138.5800000;139.7100000;138.5000000;139.3100000
GAZP;60;20180315;120000;139.3700000;139.5900000;138.2600000;139.2700000
GAZP;60;20180315;130000;139.2900000;140.0600000;139.0400000;139.2600000
GAZP;60;20180315;140000;139.2200000;139.8700000;139.1500000;139.7200000
GAZP;60;20180315;150000;139.7100000;139.7500000;138.7000000;139.0000000
GAZP;60;20180315;160000;139.0000000;139.3000000;138.8000000;139.1200000
GAZP;60;20180315;170000;139.0700000;139.2000000;138.4600000;138.9100000
GAZP;60;20180315;180000;138.8700000;139.0600000;138.0000000;138.3000000
GAZP;60;20180315;190000;138.3000000;138.7800000;138.2300000;138.2500000
GAZP;60;20180316;110000;138.6600000;138.9900000;137.7500000;137.9200000
GAZP;60;20180316;120000;137.9600000;138.1700000;137.1100000;137.8600000
GAZP;60;20180316;130000;137.7800000;137.8900000;137.1500000;137.5900000
GAZP;60;20180316;140000;137.5700000;138.6000000;137.4600000;138.5400000
GAZP;60;20180316;150000;138.5400000;139.2000000;138.5100000;138.8900000
GAZP;60;20180316;160000;138.8500000;139.6300000;138.7500000;139.2800000
GAZP;60;20180316;170000;139.3000000;139.3600000;138.3800000;139.2300000
GAZP;60;20180316;180000;139.2500000;140.1700000;139.0100000;140.0300000
GAZP;60;20180316;190000;140.0400000;141.0000000;140.0300000;141.0000000
GAZP;60;20180319;110000;141.2000000;141.7700000;140.5000000;141.1900000
GAZP;60;20180319;120000;141.1600000;141.2000000;140.0100000;140.4200000
GAZP;60;20180319;130000;140.4200000;140.4600000;139.8300000;140.2200000
GAZP;60;20180319;140000;140.2100000;140.2100000;139.4300000;140.1200000
GAZP;60;20180319;150000;140.1600000;140.7000000;139.9700000;140.6700000
GAZP;60;20180319;160000;140.6700000;140.7600000;140.0000000;140.5600000
GAZP;60;20180319;170000;140.5600000;141.1500000;140.5000000;141.0900000
GAZP;60;20180319;180000;141.0900000;141.2000000;140.5000000;140.5500000
GAZP;60;20180319;190000;140.5500000;141.0900000;139.9100000;139.9100000
GAZP;60;20180320;110000;140.2500000;140.6400000;140.0000000;140.1200000
GAZP;60;20180320;120000;140.1200000;140.2700000;139.3100000;139.4800000
GAZP;60;20180320;130000;139.4400000;140.0900000;139.3100000;139.7700000
GAZP;60;20180320;140000;139.7700000;140.8700000;139.7400000;140.3400000
GAZP;60;20180320;150000;140.3400000;140.7800000;140.1900000;140.4400000
GAZP;60;20180320;160000;140.4400000;141.6500000;140.3600000;141.5300000
GAZP;60;20180320;170000;141.5300000;141.7800000;141.2000000;141.6500000
GAZP;60;20180320;180000;141.6200000;142.3700000;141.5300000;142.2400000
GAZP;60;20180320;190000;142.2000000;142.7000000;142.0300000;142.4500000
GAZP;60;20180321;110000;142.7000000;144.0000000;142.3300000;143.1600000
GAZP;60;20180321;120000;143.1700000;143.4000000;142.5000000;143.1300000
GAZP;60;20180321;130000;143.1300000;143.9200000;142.7900000;143.5700000
GAZP;60;20180321;140000;143.5900000;143.6300000;142.8200000;143.2000000
GAZP;60;20180321;150000;143.1800000;143.2500000;141.8500000;142.2600000
GAZP;60;20180321;160000;142.2600000;142.7800000;142.0000000;142.0300000
GAZP;60;20180321;170000;142.0300000;142.1500000;140.8400000;141.2800000
GAZP;60;20180321;180000;141.2400000;142.1600000;140.9000000;142.0500000
GAZP;60;20180321;190000;142.0500000;142.3100000;141.4200000;141.5100000
GAZP;60;20180322;110000;141.7300000;142.0600000;140.7600000;140.7800000
GAZP;60;20180322;120000;140.8000000;141.8100000;140.3600000;141.5200000
GAZP;60;20180322;130000;141.5600000;142.0800000;140.5600000;140.7300000
GAZP;60;20180322;140000;140.7100000;141.0900000;140.4500000;140.5000000
GAZP;60;20180322;150000;140.5000000;140.9000000;140.4500000;140.4600000
GAZP;60;20180322;160000;140.4600000;140.9100000;140.3900000;140.5900000
GAZP;60;20180322;170000;140.5900000;140.6400000;139.8500000;140.2500000
GAZP;60;20180322;180000;140.2300000;140.4500000;139.5700000;139.6100000
GAZP;60;20180322;190000;139.6100000;139.9100000;139.2000000;139.5000000
GAZP;60;20180323;110000;138.7800000;140.0400000;137.8200000;140.0400000
GAZP;60;20180323;120000;140.0400000;140.1000000;139.0200000;139.1900000
GAZP;60;20180323;130000;139.0600000;139.4700000;138.5700000;138.9700000
GAZP;60;20180323;140000;138.9300000;140.4400000;138.7200000;140.2000000
GAZP;60;20180323;150000;140.2000000;140.9700000;140.1200000;140.5000000
GAZP;60;20180323;160000;140.5000000;141.4500000;140.5000000;140.8700000
GAZP;60;20180323;170000;140.9100000;141.8900000;140.8600000;141.7100000
GAZP;60;20180323;180000;141.7100000;142.4600000;141.1500000;142.3000000
GAZP;60;20180323;190000;142.2500000;142.4900000;141.6300000;142.0000000
GAZP;60;20180326;110000;142.0100000;142.0800000;140.8300000;141.0000000
GAZP;60;20180326;120000;141.0000000;141.1600000;140.1600000;140.3000000
GAZP;60;20180326;130000;140.2700000;141.1100000;140.0600000;141.0400000
GAZP;60;20180326;140000;141.0200000;141.1200000;140.3400000;140.4600000
GAZP;60;20180326;150000;140.5200000;140.8000000;140.3400000;140.6200000
GAZP;60;20180326;160000;140.6100000;141.5900000;140.5500000;141.5000000
GAZP;60;20180326;170000;141.5000000;141.5500000;139.8000000;140.0600000
GAZP;60;20180326;180000;140.0000000;140.2100000;139.5000000;139.6500000
GAZP;60;20180326;190000;139.6500000;139.6500000;138.2700000;138.2700000
GAZP;60;20180327;110000;139.2300000;140.1700000;139.0100000;139.6000000
GAZP;60;20180327;120000;139.6100000;140.0900000;139.1500000;139.6200000
GAZP;60;20180327;130000;139.6200000;140.5900000;139.3000000;139.9900000
GAZP;60;20180327;140000;140.0000000;140.4500000;139.9800000;140.1900000
GAZP;60;20180327;150000;140.1800000;141.0000000;140.1100000;140.8600000
GAZP;60;20180327;160000;140.8600000;141.4300000;140.4100000;141.3800000
GAZP;60;20180327;170000;141.3500000;141.4400000;140.8300000;141.1100000
GAZP;60;20180327;180000;141.1100000;141.7000000;140.9200000;141.5300000
GAZP;60;20180327;190000;141.5300000;141.6500000;140.8000000;140.8000000
GAZP;60;20180328;110000;140.0100000;140.5000000;139.6000000;139.8800000
GAZP;60;20180328;120000;139.8900000;141.1900000;139.8600000;140.4800000
GAZP;60;20180328;130000;140.4900000;140.8800000;139.6700000;140.1000000
GAZP;60;20180328;140000;140.1000000;140.2400000;139.1300000;140.1200000
GAZP;60;20180328;150000;140.0900000;140.5000000;139.7300000;140.0100000
GAZP;60;20180328;160000;140.0100000;140.4500000;139.8100000;140.3200000
GAZP;60;20180328;170000;140.2900000;141.0000000;140.1500000;140.8200000
GAZP;60;20180328;180000;140.8100000;140.9500000;140.2500000;140.8700000
GAZP;60;20180328;190000;140.8700000;141.6700000;140.4700000;140.4700000
GAZP;60;20180329;110000;140.7100000;141.8200000;140.7100000;141.6800000
GAZP;60;20180329;120000;141.6300000;142.4000000;141.4500000;142.2800000
GAZP;60;20180329;130000;142.2700000;142.4400000;141.7800000;141.8100000
GAZP;60;20180329;140000;141.8000000;142.1200000;141.5700000;141.6800000
GAZP;60;20180329;150000;141.6700000;141.9800000;141.4700000;141.8300000
GAZP;60;20180329;160000;141.8400000;141.9500000;141.3100000;141.7000000
GAZP;60;20180329;170000;141.6800000;142.4700000;141.5000000;142.4000000
GAZP;60;20180329;180000;142.4000000;142.4200000;141.5000000;142.1300000
GAZP;60;20180329;190000;142.1200000;142.8000000;141.8700000;142.8000000
GAZP;60;20180330;110000;143.0000000;143.1200000;142.4200000;142.7900000
GAZP;60;20180330;120000;142.7600000;143.3100000;142.5500000;142.7600000
GAZP;60;20180330;130000;142.8000000;142.9900000;142.5700000;142.6700000
GAZP;60;20180330;140000;142.6600000;142.7000000;142.0500000;142.2700000
GAZP;60;20180330;150000;142.2700000;142.6800000;142.1200000;142.4800000
GAZP;60;20180330;160000;142.4900000;142.6500000;142.3500000;142.5500000
GAZP;60;20180330;170000;142.5600000;142.7400000;142.3700000;142.5400000
GAZP;60;20180330;180000;142.5300000;142.9900000;142.4200000;142.8000000
GAZP;60;20180330;190000;142.7800000;142.8400000;142.3300000;142.3300000
GAZP;60;20180402;110000;142.3900000;142.8700000;142.0300000;142.4100000
GAZP;60;20180402;120000;142.4400000;143.7000000;142.3800000;143.4600000
GAZP;60;20180402;130000;143.4900000;143.5000000;142.9000000;143.2000000
GAZP;60;20180402;140000;143.2000000;143.4400000;143.0000000;143.0600000
GAZP;60;20180402;150000;143.1400000;143.1400000;141.6400000;142.0200000
GAZP;60;20180402;160000;142.0100000;142.2400000;141.0900000;141.2700000
GAZP;60;20180402;170000;141.2600000;141.5600000;140.6200000;141.1500000
GAZP;60;20180402;180000;141.0900000;141.3200000;140.8000000;140.9000000
GAZP;60;20180402;190000;140.9000000;141.6700000;140.3200000;140.3200000
GAZP;60;20180403;110000;140.3200000;140.9900000;139.8700000;140.0800000
GAZP;60;20180403;120000;140.0900000;140.7100000;139.8100000;140.5600000
GAZP;60;20180403;130000;140.5600000;140.9700000;140.2900000;140.3600000
GAZP;60;20180403;140000;140.3500000;140.6700000;140.0000000;140.0000000
GAZP;60;20180403;150000;140.0600000;140.4900000;139.7000000;140.4500000
GAZP;60;20180403;160000;140.4800000;141.3000000;140.4600000;141.3000000
GAZP;60;20180403;170000;141.3000000;141.3000000;140.2100000;140.2700000
GAZP;60;20180403;180000;140.3000000;140.9300000;139.9000000;140.7000000
GAZP;60;20180403;190000;140.7000000;141.1300000;140.3900000;141.1300000
GAZP;60;20180404;110000;141.0200000;141.5200000;140.3200000;140.4200000
GAZP;60;20180404;120000;140.4200000;140.5900000;139.8500000;140.1700000
GAZP;60;20180404;130000;140.1500000;140.2000000;139.0200000;139.7700000
GAZP;60;20180404;140000;139.7100000;139.7100000;139.1100000;139.2600000
GAZP;60;20180404;150000;139.2700000;139.7000000;139.1500000;139.6100000
GAZP;60;20180404;160000;139.6400000;139.7400000;139.2100000;139.2200000
GAZP;60;20180404;170000;139.2200000;139.7000000;139.2200000;139.5000000
GAZP;60;20180404;180000;139.5400000;140.0600000;139.4300000;139.7100000
GAZP;60;20180404;190000;139.7400000;140.4000000;139.5000000;140.1800000
GAZP;60;20180405;110000;140.6600000;141.3500000;140.5900000;140.9500000
GAZP;60;20180405;120000;140.9100000;140.9800000;140.1500000;140.6400000
GAZP;60;20180405;130000;140.5600000;141.0000000;140.4500000;140.6000000
GAZP;60;20180405;140000;140.6300000;141.2600000;140.6000000;141.0800000
GAZP;60;20180405;150000;141.0800000;141.2400000;140.9500000;141.0900000
GAZP;60;20180405;160000;141.0900000;141.3100000;140.5000000;140.9600000
GAZP;60;20180405;170000;140.9000000;141.1200000;140.4100000;140.9700000
GAZP;60;20180405;180000;141.0000000;141.1000000;139.8000000;140.1500000
GAZP;60;20180405;190000;140.1500000;140.6300000;140.1200000;140.5000000
GAZP;60;20180406;110000;140.1300000;140.9300000;139.4500000;140.6800000
GAZP;60;20180406;120000;140.7400000;141.4000000;140.5700000;141.0700000
GAZP;60;20180406;130000;141.0700000;141.9700000;140.9000000;141.7200000
GAZP;60;20180406;140000;141.7000000;141.9100000;141.5000000;141.7600000
GAZP;60;20180406;150000;141.7300000;141.8200000;141.2500000;141.5000000
GAZP;60;20180406;160000;141.5000000;141.6500000;140.5600000;141.4500000
GAZP;60;20180406;170000;141.4500000;141.6100000;141.1700000;141.3400000
GAZP;60;20180406;180000;141.3300000;141.9700000;141.0100000;141.0600000
GAZP;60;20180406;190000;141.0300000;141.5000000;140.6700000;141.5000000
GAZP;60;20180409;110000;140.9300000;141.2200000;135.0500000;136.4000000
GAZP;60;20180409;120000;136.4500000;137.1800000;135.9000000;135.9900000
GAZP;60;20180409;130000;135.9200000;135.9500000;128.5700000;130.6000000
GAZP;60;20180409;140000;130.6600000;134.4100000;128.1900000;133.4900000
GAZP;60;20180409;150000;133.5700000;134.6800000;133.1600000;133.4000000
GAZP;60;20180409;160000;133.4600000;133.8600000;131.2100000;133.3400000
GAZP;60;20180409;170000;133.3000000;135.3000000;132.9000000;134.6900000
GAZP;60;20180409;180000;134.7300000;136.2700000;133.1900000;135.1000000
GAZP;60;20180409;190000;135.0800000;135.6600000;134.7000000;135.0100000
GAZP;60;20180410;110000;134.9500000;138.1700000;133.5000000;137.3600000
GAZP;60;20180410;120000;137.1100000;139.2200000;136.9700000;138.1100000
GAZP;60;20180410;130000;138.1100000;139.4900000;137.0800000;138.7500000
GAZP;60;20180410;140000;138.7000000;139.1500000;137.9200000;138.0800000
GAZP;60;20180410;150000;138.0100000;139.4900000;138.0000000;139.1500000
GAZP;60;20180410;160000;139.1600000;140.4000000;138.6000000;140.3900000
GAZP;60;20180410;170000;140.2900000;141.9500000;139.8100000;141.8500000
GAZP;60;20180410;180000;141.7900000;141.9700000;140.4700000;140.6200000
GAZP;60;20180411;110000;141.0000000;142.9400000;140.7100000;142.6300000
GAZP;60;20180411;120000;142.6400000;142.8900000;141.7500000;142.3000000
GAZP;60;20180411;130000;142.2900000;142.9200000;142.0900000;142.8200000
GAZP;60;20180411;140000;142.8100000;146.2900000;142.3500000;144.7800000
GAZP;60;20180411;150000;144.7800000;145.3000000;141.8700000;143.8600000
GAZP;60;20180411;160000;143.7900000;144.3000000;142.0000000;142.5400000
GAZP;60;20180411;170000;142.6700000;145.3000000;142.2600000;144.6200000
GAZP;60;20180411;180000;144.6000000;145.1500000;143.9000000;144.1800000
GAZP;60;20180411;190000;144.2000000;145.2700000;143.8300000;145.2700000
GAZP;60;20180412;110000;145.7100000;146.8900000;142.8400000;144.1000000
GAZP;60;20180412;120000;144.1000000;144.6600000;143.0600000;143.6900000
GAZP;60;20180412;130000;143.6100000;144.5000000;143.5300000;143.8000000
GAZP;60;20180412;140000;143.8600000;145.0200000;143.2900000;144.0000000
GAZP;60;20180412;150000;143.9800000;144.2500000;142.1300000;143.4600000
GAZP;60;20180412;160000;143.4600000;145.0500000;143.3200000;144.9300000
GAZP;60;20180412;170000;144.9500000;145.2500000;143.9700000;145.2200000
GAZP;60;20180412;180000;145.1500000;146.5800000;145.0000000;145.4800000
GAZP;60;20180412;190000;145.4200000;145.9900000;145.0900000;145.9900000
GAZP;60;20180413;110000;146.0000000;146.7500000;144.7000000;144.9200000
GAZP;60;20180413;120000;144.9500000;145.1800000;143.0000000;143.8500000
GAZP;60;20180413;130000;143.8500000;143.9000000;142.1900000;142.2700000
GAZP;60;20180413;140000;142.2500000;143.9200000;142.2000000;143.1100000
GAZP;60;20180413;150000;143.1300000;143.5000000;142.8600000;143.2100000
GAZP;60;20180413;160000;143.2100000;143.4000000;142.3200000;143.3500000
GAZP;60;20180413;170000;143.3500000;143.8500000;142.6600000;142.7100000
GAZP;60;20180413;180000;142.7200000;143.9900000;142.0900000;143.1100000
GAZP;60;20180413;190000;143.1200000;143.3400000;142.5800000;142.5800000
GAZP;60;20180416;110000;141.0300000;142.8300000;139.8700000;140.0200000
GAZP;60;20180416;120000;140.0800000;141.4800000;139.9300000;141.1100000
GAZP;60;20180416;130000;141.1100000;141.6300000;140.6600000;141.2000000
GAZP;60;20180416;140000;141.2000000;141.3200000;140.4100000;140.4800000
GAZP;60;20180416;150000;140.5200000;141.1100000;140.2700000;140.8200000
GAZP;60;20180416;160000;140.8500000;141.9000000;140.7600000;141.2500000
GAZP;60;20180416;170000;141.2400000;141.5600000;140.5600000;140.5600000
GAZP;60;20180416;180000;140.5700000;141.5800000;140.1900000;141.2300000
GAZP;60;20180416;190000;141.2900000;141.5000000;140.7000000;141.5000000
GAZP;60;20180417;110000;142.4500000;143.1800000;141.5400000;142.0700000
GAZP;60;20180417;120000;142.1000000;142.5000000;141.8100000;142.3200000
GAZP;60;20180417;130000;142.3200000;142.4000000;140.6600000;141.0000000
GAZP;60;20180417;140000;141.0600000;141.6900000;140.9000000;141.6400000
GAZP;60;20180417;150000;141.6000000;141.9000000;141.0500000;141.4800000
GAZP;60;20180417;160000;141.4000000;141.7700000;141.1300000;141.4700000
GAZP;60;20180417;170000;141.4200000;142.2000000;141.2000000;141.7600000
GAZP;60;20180417;180000;141.8100000;142.3300000;141.8000000;142.0700000
GAZP;60;20180417;190000;142.0800000;142.4000000;141.8300000;142.4000000
GAZP;60;20180418;110000;142.6700000;142.7100000;142.0400000;142.5800000
GAZP;60;20180418;120000;142.5600000;144.0000000;142.3400000;143.8400000
GAZP;60;20180418;130000;143.8100000;144.5000000;143.6700000;144.1100000
GAZP;60;20180418;140000;144.0900000;145.0000000;144.0500000;144.8000000
GAZP;60;20180418;150000;144.7900000;145.3100000;144.7100000;144.9700000
GAZP;60;20180418;160000;144.9500000;145.2900000;144.5600000;144.8500000
GAZP;60;20180418;170000;144.8900000;145.2500000;144.6000000;144.7900000
GAZP;60;20180418;180000;144.8000000;144.8500000;144.1500000;144.5300000
GAZP;60;20180418;190000;144.5300000;144.7500000;143.8100000;144.7500000
GAZP;60;20180419;110000;145.2000000;145.7500000;143.7900000;144.1300000
GAZP;60;20180419;120000;144.1200000;144.5700000;143.1000000;144.0900000
GAZP;60;20180419;130000;144.0700000;144.4800000;143.8700000;144.2000000
GAZP;60;20180419;140000;144.2400000;144.4000000;143.3300000;143.4300000
GAZP;60;20180419;150000;143.3700000;144.2000000;143.3500000;144.0500000
GAZP;60;20180419;160000;144.0500000;144.3000000;143.5200000;143.8300000
GAZP;60;20180419;170000;143.7600000;144.0400000;143.1500000;143.8600000
GAZP;60;20180419;180000;143.8300000;144.1700000;143.0100000;143.2200000
GAZP;60;20180419;190000;143.2300000;143.4900000;142.5700000;143.4000000
GAZP;60;20180420;110000;143.3000000;144.8500000;142.9000000;144.7700000
GAZP;60;20180420;120000;144.7700000;145.5000000;144.6100000;145.1500000
GAZP;60;20180420;130000;145.1400000;145.2600000;144.4400000;144.9500000
GAZP;60;20180420;140000;144.9500000;145.1400000;144.6700000;145.0300000
GAZP;60;20180420;150000;145.0600000;145.1500000;144.4000000;144.7400000
GAZP;60;20180420;160000;144.7400000;144.9000000;144.6100000;144.8700000
GAZP;60;20180420;170000;144.9000000;145.0000000;144.4900000;144.8100000
GAZP;60;20180420;180000;144.7600000;144.7600000;143.7500000;143.8000000
GAZP;60;20180420;190000;143.8100000;144.4000000;143.3800000;144.4000000
